,Ajanta Ellora Caves,Andaman Islands,Coorg,Goa Beaches,Hampi Ruins,Jaipur City,Kaziranga,Kerala Backwaters,Khajuraho Temples,Kolkata,Kovalam Beach,Leh Ladakh,Manali,Munnar,Mysore,Radhanagar Beach,Rishikesh,Spiti Valley,Taj Mahal,Varanasi
Ajanta Ellora Caves,1.0000000000000002,0.007034523174072698,0.031041326695870647,0.00839194521965531,0.04538163323708883,0.026556690902540786,0.022944666977448527,0.0,0.04600715633167406,0.027695051299150265,0.02896342768742816,0.0,0.01676811601561289,0.0,0.0,0.0075488070351092396,0.02211884641244498,0.0,0.06767337285226634,0.02836349563156528
Andaman Islands,0.007034523174072698,1.000000000000001,0.00888573013944187,0.02048004005942687,0.007320689968706945,0.0076019814187883806,0.033617699904059425,0.0,0.007421595562381837,0.007927842596849607,0.053205573308613655,0.0,0.007951442422018926,0.0,0.0,0.2487166982947831,0.0,0.0,0.007599656145891341,0.008119188025132135
Coorg,0.031041326695870647,0.00888573013944187,0.9999999999999993,0.010600371726924627,0.09873848297211571,0.033545356652784804,0.02898279156324576,0.02633228227711906,0.03274936577160214,0.03498328827023707,0.03658545092186029,0.0,0.021180817828669728,0.028307808049900587,0.034782808887775095,0.00953535307637154,0.0,0.0392477098220288,0.033535095892550174,0.03582764058866727
Goa Beaches,0.00839194521965531,0.02048004005942687,0.010600371726924627,1.0000000000000007,0.008733332404661138,0.0414251791328545,0.029388610716417126,0.0,0.008853709321976237,0.009457644695524355,0.1286909326801342,0.0,0.009485798478675473,0.0,0.0,0.06593191890378565,0.02833086082053262,0.0,0.041412508114473084,0.009685913238031522
Hampi Ruins,0.04538163323708883,0.007320689968706945,0.09873848297211571,0.008733332404661138,1.000000000000001,0.027637026118392055,0.0,0.0,0.047878743094824844,0.028821695403006473,0.030141669774039058,0.0,0.017450248676704826,0.0,0.02865652637569072,0.007855895072079766,0.0,0.0,0.04902746062618411,0.02951733227815185
Jaipur City,0.026556690902540786,0.0076019814187883806,0.033545356652784804,0.0414251791328545,0.027637026118392055,1.0000000000000002,0.0,0.0,0.028017964327741934,0.09947132928937144,0.03129983847601358,0.0,0.018120760032264795,0.0,0.2229222573551006,0.008157751335076686,0.0,0.0,0.028690177605198555,0.17309280264913818
Kaziranga,0.022944666977448527,0.033617699904059425,0.02898279156324576,0.029388610716417126,0.0,0.0,1.0,0.025130274204799796,0.028847008189611712,0.0,0.0,0.0,0.0,0.027015621773467904,0.0,0.0,0.05843930336949074,0.0,0.05432708633887626,0.0
Kerala Backwaters,0.0,0.0,0.02633228227711906,0.0,0.0,0.0,0.025130274204799796,1.0000000000000002,0.0,0.0,0.05855777684953804,0.019373174809556828,0.0,0.22615422298262883,0.07348029858151131,0.01916690311103577,0.020733893194711493,0.019900470181650348,0.0,0.0
Khajuraho Temples,0.04600715633167406,0.007421595562381837,0.03274936577160214,0.008853709321976237,0.047878743094824844,0.028017964327741934,0.028847008189611712,0.0,0.9999999999999994,0.029218962641175135,0.030557131034644684,0.0,0.03711713329503534,0.0,0.0,0.007964177728425597,0.0,0.019169486877834555,0.11997398470235693,0.07737959600755859
Kolkata,0.027695051299150265,0.007927842596849607,0.03498328827023707,0.009457644695524355,0.028821695403006473,0.09947132928937144,0.0,0.0,0.029218962641175135,0.9999999999999992,0.03264151529381164,0.0,0.018897511761344885,0.0,0.05208349814969147,0.008507435754695055,0.029705661448416448,0.0,0.0299199905392462,0.1109843002734167
Kovalam Beach,0.02896342768742816,0.053205573308613655,0.03658545092186029,0.1286909326801342,0.030141669774039058,0.03129983847601358,0.0,0.05855777684953804,0.030557131034644684,0.03264151529381164,0.9999999999999997,0.0,0.019762978932948542,0.03147547731413339,0.0,0.1887625317918874,0.0,0.0,0.031290264568622786,0.03342934686934859
Leh Ladakh,0.0,0.0,0.0,0.0,0.0,0.0,0.0,0.019373174809556828,0.0,0.0,0.0,0.9999999999999999,0.023361120361135072,0.05644108166433861,0.021474375646128595,0.0,0.024017638719258296,0.07652004382626265,0.0,0.0
Manali,0.01676811601561289,0.007951442422018926,0.021180817828669728,0.009485798478675473,0.017450248676704826,0.018120760032264795,0.0,0.0,0.03711713329503534,0.018897511761344885,0.019762978932948542,0.023361120361135072,1.0000000000000002,0.0,0.0,0.008532760929103765,0.025001941046732066,0.14989806451913099,0.03800765587298527,0.04060595617791486
Munnar,0.0,0.0,0.028307808049900587,0.0,0.0,0.0,0.027015621773467904,0.22615422298262883,0.0,0.0,0.03147547731413339,0.05644108166433861,0.0,1.0000000000000002,0.07899300811848879,0.020604860925773284,0.022289411244578505,0.021393462369740386,0.0,0.0
Mysore,0.0,0.0,0.034782808887775095,0.0,0.02865652637569072,0.2229222573551006,0.0,0.07348029858151131,0.0,0.05208349814969147,0.0,0.021474375646128595,0.0,0.07899300811848879,1.0000000000000002,0.02124573186508858,0.022982676584857035,0.022058861101306317,0.0,0.10668115803712108
Radhanagar Beach,0.0075488070351092396,0.2487166982947831,0.00953535307637154,0.06593191890378565,0.007855895072079766,0.008157751335076686,0.0,0.01916690311103577,0.007964177728425597,0.008507435754695055,0.1887625317918874,0.0,0.008532760929103765,0.020604860925773284,0.02124573186508858,1.0000000000000002,0.020336882215507637,0.0,0.008155256064826043,0.008712770171742526
Rishikesh,0.02211884641244498,0.0,0.0,0.02833086082053262,0.0,0.0,0.05843930336949074,0.020733893194711493,0.0,0.029705661448416448,0.0,0.024017638719258296,0.025001941046732066,0.022289411244578505,0.022982676584857035,0.020336882215507637,1.0000000000000002,0.02467134622305017,0.023895809697225538,0.06778645772560475
Spiti Valley,0.0,0.0,0.0392477098220288,0.0,0.0,0.0,0.0,0.019900470181650348,0.019169486877834555,0.0,0.0,0.07652004382626265,0.14989806451913099,0.021393462369740386,0.022058861101306317,0.0,0.02467134622305017,1.0,0.019629405501849353,0.020971321732397352
Taj Mahal,0.06767337285226634,0.007599656145891341,0.033535095892550174,0.041412508114473084,0.04902746062618411,0.028690177605198555,0.05432708633887626,0.0,0.11997398470235693,0.0299199905392462,0.031290264568622786,0.0,0.03800765587298527,0.0,0.0,0.008155256064826043,0.023895809697225538,0.019629405501849353,1.0000000000000002,0.14870536865710007
Varanasi,0.02836349563156528,0.008119188025132135,0.03582764058866727,0.009685913238031522,0.02951733227815185,0.17309280264913818,0.0,0.0,0.07737959600755859,0.1109843002734167,0.03342934686934859,0.0,0.04060595617791486,0.0,0.10668115803712108,0.008712770171742526,0.06778645772560475,0.020971321732397352,0.14870536865710007,0.9999999999999993
