City,Accomadation_Type,Accomdation_Cost,Cost_Min,Cost_Max,Cost_Average,Cost_Flag
Goa,Hostel,308 - 2126,308.0,2126.0,1217.0,VALID
Goa,GuestHouse,747 - 5552,747.0,5552.0,3149.5,VALID
Goa,Homestay,783 - 4449,783.0,4449.0,2616.0,VALID
Goa,Hotel,1901 - 11063,1901.0,11063.0,6482.0,VALID
Goa,Boutique Hotel,3758 - 20701,3758.0,20701.0,12229.5,VALID
Goa,Resort,6262 - 31386,6262.0,31386.0,18824.0,VALID
Goa,Luxury Camps,4325 - 28543,4325.0,28543.0,16434.0,VALID
Mumbai,Hostel,358 - 2513,358.0,2513.0,1435.5,VALID
Mumbai,GuestHouse,937 - 6365,937.0,6365.0,3651.0,VALID
Mumbai,Homestay,1027 - 5899,1027.0,5899.0,3463.0,VALID
Mumbai,Hotel,2455 - 12904,2455.0,12904.0,7679.5,VALID
Mumbai,Boutique Hotel,4123 - 29527,4123.0,29527.0,16825.0,VALID
Mumbai,Resort,7881 - 39560,7881.0,39560.0,23720.5,VALID
Mumbai,Luxury Camps,5014 - 31160,5014.0,31160.0,18087.0,VALID
Delhi,Hostel,374 - 2590,374.0,2590.0,1482.0,VALID
Delhi,GuestHouse,1076 - 6891,1076.0,6891.0,3983.5,VALID
Delhi,Homestay,970 - 6723,970.0,6723.0,3846.5,VALID
Delhi,Hotel,1964 - 11899,1964.0,11899.0,6931.5,VALID
Delhi,Boutique Hotel,4254 - 26494,4254.0,26494.0,15374.0,VALID
Delhi,Resort,5897 - 41985,5897.0,41985.0,23941.0,VALID
Delhi,Luxury Camps,5321 - 30765,5321.0,30765.0,18043.0,VALID
Jaipur,Hostel,235 - 1802,235.0,1802.0,1018.5,VALID
Jaipur,GuestHouse,698 - 5330,698.0,5330.0,3014.0,VALID
Jaipur,Homestay,634 - 3925,634.0,3925.0,2279.5,VALID
Jaipur,Hotel,1544 - 9016,1544.0,9016.0,5280.0,VALID
Jaipur,Boutique Hotel,3439 - 19807,3439.0,19807.0,11623.0,VALID
Jaipur,Resort,4655 - 28027,4655.0,28027.0,16341.0,VALID
Jaipur,Luxury Camps,4126 - 23073,4126.0,23073.0,13599.5,VALID
Agra,Hostel,261 - 2033,261.0,2033.0,1147.0,VALID
Agra,GuestHouse,650 - 5201,650.0,5201.0,2925.5,VALID
Agra,Homestay,658 - 3941,658.0,3941.0,2299.5,VALID
Agra,Hotel,1539 - 11448,1539.0,11448.0,6493.5,VALID
Agra,Boutique Hotel,3394 - 18088,3394.0,18088.0,10741.0,VALID
Agra,Resort,5074 - 35428,5074.0,35428.0,20251.0,VALID
Agra,Luxury Camps,4328 - 25117,4328.0,25117.0,14722.5,VALID
Kerala,Hostel,204 - 1498,204.0,1498.0,851.0,VALID
Kerala,GuestHouse,693 - 3706,693.0,3706.0,2199.5,VALID
Kerala,Homestay,476 - 3699,476.0,3699.0,2087.5,VALID
Kerala,Hotel,1131 - 9017,1131.0,9017.0,5074.0,VALID
Kerala,Boutique Hotel,2330 - 16069,2330.0,16069.0,9199.5,VALID
Kerala,Resort,4565 - 24609,4565.0,24609.0,14587.0,VALID
Kerala,Luxury Camps,3004 - 18044,3004.0,18044.0,10524.0,VALID
Leh Ladakh,Hostel,326 - 2516,326.0,2516.0,1421.0,VALID
Leh Ladakh,GuestHouse,980 - 5719,980.0,5719.0,3349.5,VALID
Leh Ladakh,Homestay,757 - 4993,757.0,4993.0,2875.0,VALID
Leh Ladakh,Hotel,1538 - 12628,1538.0,12628.0,7083.0,VALID
Leh Ladakh,Boutique Hotel,3280 - 24301,3280.0,24301.0,13790.5,VALID
Leh Ladakh,Resort,5926 - 42950,5926.0,42950.0,24438.0,VALID
Leh Ladakh,Luxury Camps,4600 - 24326,4600.0,24326.0,14463.0,VALID
Manali,Hostel,256 - 2155,256.0,2155.0,1205.5,VALID
Manali,GuestHouse,724 - 4869,724.0,4869.0,2796.5,VALID
Manali,Homestay,720 - 4742,720.0,4742.0,2731.0,VALID
Manali,Hotel,1578 - 11640,1578.0,11640.0,6609.0,VALID
Manali,Boutique Hotel,3093 - 17856,3093.0,17856.0,10474.5,VALID
Manali,Resort,5663 - 36120,5663.0,36120.0,20891.5,VALID
Manali,Luxury Camps,4067 - 20086,4067.0,20086.0,12076.5,VALID
Rishikesh,Hostel,191 - 1667,191.0,1667.0,929.0,VALID
Rishikesh,GuestHouse,668 - 4217,668.0,4217.0,2442.5,VALID
Rishikesh,Homestay,623 - 3658,623.0,3658.0,2140.5,VALID
Rishikesh,Hotel,1221 - 9821,1221.0,9821.0,5521.0,VALID
Rishikesh,Boutique Hotel,3017 - 17669,3017.0,17669.0,10343.0,VALID
Rishikesh,Resort,4690 - 23554,4690.0,23554.0,14122.0,VALID
Rishikesh,Luxury Camps,3152 - 20015,3152.0,20015.0,11583.5,VALID
Mysore,Hostel,256 - 1945,256.0,1945.0,1100.5,VALID
Mysore,GuestHouse,793 - 4046,793.0,4046.0,2419.5,VALID
Mysore,Homestay,625 - 4534,625.0,4534.0,2579.5,VALID
Mysore,Hotel,1440 - 9863,1440.0,9863.0,5651.5,VALID
Mysore,Boutique Hotel,2914 - 16481,2914.0,16481.0,9697.5,VALID
Mysore,Resort,5291 - 32217,5291.0,32217.0,18754.0,VALID
Mysore,Luxury Camps,3656 - 18565,3656.0,18565.0,11110.5,VALID
Kolkata,Hostel,292 - 2122,292.0,2122.0,1207.0,VALID
Kolkata,GuestHouse,766 - 5151,766.0,5151.0,2958.5,VALID
Kolkata,Homestay,658 - 4833,658.0,4833.0,2745.5,VALID
Kolkata,Hotel,1789 - 11867,1789.0,11867.0,6828.0,VALID
Kolkata,Boutique Hotel,2862 - 18167,2862.0,18167.0,10514.5,VALID
Kolkata,Resort,5623 - 28583,5623.0,28583.0,17103.0,VALID
Kolkata,Luxury Camps,4334 - 24572,4334.0,24572.0,14453.0,VALID
Varanasi,Hostel,209 - 1655,209.0,1655.0,932.0,VALID
Varanasi,GuestHouse,744 - 5474,744.0,5474.0,3109.0,VALID
Varanasi,Homestay,660 - 3700,660.0,3700.0,2180.0,VALID
Varanasi,Hotel,1575 - 10947,1575.0,10947.0,6261.0,VALID
Varanasi,Boutique Hotel,2695 - 17939,2695.0,17939.0,10317.0,VALID
Varanasi,Resort,5273 - 34661,5273.0,34661.0,19967.0,VALID
Varanasi,Luxury Camps,3186 - 20215,3186.0,20215.0,11700.5,VALID
Coorg,Hostel,261 - 1640,261.0,1640.0,950.5,VALID
Coorg,GuestHouse,800 - 4959,800.0,4959.0,2879.5,VALID
Coorg,Homestay,588 - 3886,588.0,3886.0,2237.0,VALID
Coorg,Hotel,1603 - 10468,1603.0,10468.0,6035.5,VALID
Coorg,Boutique Hotel,3024 - 20132,3024.0,20132.0,11578.0,VALID
Coorg,Resort,4925 - 29488,4925.0,29488.0,17206.5,VALID
Coorg,Luxury Camps,4012 - 21434,4012.0,21434.0,12723.0,VALID
Munnar,Hostel,262 - 1899,262.0,1899.0,1080.5,VALID
Munnar,GuestHouse,686 - 4606,686.0,4606.0,2646.0,VALID
Munnar,Homestay,573 - 3627,573.0,3627.0,2100.0,VALID
Munnar,Hotel,1387 - 10631,1387.0,10631.0,6009.0,VALID
Munnar,Boutique Hotel,2929 - 17602,2929.0,17602.0,10265.5,VALID
Munnar,Resort,4954 - 26611,4954.0,26611.0,15782.5,VALID
Munnar,Luxury Camps,3318 - 19160,3318.0,19160.0,11239.0,VALID
Bangalore,Hostel,319 - 2377,319.0,2377.0,1348.0,VALID
Bangalore,GuestHouse,1066 - 5444,1066.0,5444.0,3255.0,VALID
Bangalore,Homestay,792 - 5901,792.0,5901.0,3346.5,VALID
Bangalore,Hotel,1781 - 12736,1781.0,12736.0,7258.5,VALID
Bangalore,Boutique Hotel,3942 - 22590,3942.0,22590.0,13266.0,VALID
Bangalore,Resort,6915 - 34651,6915.0,34651.0,20783.0,VALID
Bangalore,Luxury Camps,4794 - 26678,4794.0,26678.0,15736.0,VALID
Chennai,Hostel,340 - 2569,340.0,2569.0,1454.5,VALID
Chennai,GuestHouse,902 - 5112,902.0,5112.0,3007.0,VALID
Chennai,Homestay,671 - 4532,671.0,4532.0,2601.5,VALID
Chennai,Hotel,1791 - 12906,1791.0,12906.0,7348.5,VALID
Chennai,Boutique Hotel,3762 - 22245,3762.0,22245.0,13003.5,VALID
Chennai,Resort,6060 - 38345,6060.0,38345.0,22202.5,VALID
Chennai,Luxury Camps,3943 - 30820,3943.0,30820.0,17381.5,VALID
Hyderabad,Hostel,339 - 2461,339.0,2461.0,1400.0,VALID
Hyderabad,GuestHouse,818 - 6717,818.0,6717.0,3767.5,VALID
Hyderabad,Homestay,827 - 4519,827.0,4519.0,2673.0,VALID
Hyderabad,Hotel,1594 - 11958,1594.0,11958.0,6776.0,VALID
Hyderabad,Boutique Hotel,3280 - 19380,3280.0,19380.0,11330.0,VALID
Hyderabad,Resort,5404 - 34237,5404.0,34237.0,19820.5,VALID
Hyderabad,Luxury Camps,4223 - 30225,4223.0,30225.0,17224.0,VALID
Pune,Hostel,283 - 2118,283.0,2118.0,1200.5,VALID
Pune,GuestHouse,751 - 6059,751.0,6059.0,3405.0,VALID
Pune,Homestay,726 - 5320,726.0,5320.0,3023.0,VALID
Pune,Hotel,1614 - 11886,1614.0,11886.0,6750.0,VALID
Pune,Boutique Hotel,3758 - 21611,3758.0,21611.0,12684.5,VALID
Pune,Resort,5667 - 35276,5667.0,35276.0,20471.5,VALID
Pune,Luxury Camps,3827 - 24609,3827.0,24609.0,14218.0,VALID
Ahmedabad,Hostel,222 - 1632,222.0,1632.0,927.0,VALID
Ahmedabad,GuestHouse,622 - 4279,622.0,4279.0,2450.5,VALID
Ahmedabad,Homestay,553 - 4509,553.0,4509.0,2531.0,VALID
Ahmedabad,Hotel,1376 - 9470,1376.0,9470.0,5423.0,VALID
Ahmedabad,Boutique Hotel,3266 - 17679,3266.0,17679.0,10472.5,VALID
Ahmedabad,Resort,4329 - 31681,4329.0,31681.0,18005.0,VALID
Ahmedabad,Luxury Camps,3437 - 24720,3437.0,24720.0,14078.5,VALID
Surat,Hostel,225 - 1439,225.0,1439.0,832.0,VALID
Surat,GuestHouse,745 - 4536,745.0,4536.0,2640.5,VALID
Surat,Homestay,484 - 3555,484.0,3555.0,2019.5,VALID
Surat,Hotel,1470 - 8071,1470.0,8071.0,4770.5,VALID
Surat,Boutique Hotel,2775 - 14635,2775.0,14635.0,8705.0,VALID
Surat,Resort,4860 - 30973,4860.0,30973.0,17916.5,VALID
Surat,Luxury Camps,2822 - 20987,2822.0,20987.0,11904.5,VALID
Kochi,Hostel,248 - 1966,248.0,1966.0,1107.0,VALID
Kochi,GuestHouse,682 - 5891,682.0,5891.0,3286.5,VALID
Kochi,Homestay,581 - 4982,581.0,4982.0,2781.5,VALID
Kochi,Hotel,1738 - 10581,1738.0,10581.0,6159.5,VALID
Kochi,Boutique Hotel,2831 - 18759,2831.0,18759.0,10795.0,VALID
Kochi,Resort,5226 - 34909,5226.0,34909.0,20067.5,VALID
Kochi,Luxury Camps,4282 - 26646,4282.0,26646.0,15464.0,VALID
Trivandrum,Hostel,238 - 2004,238.0,2004.0,1121.0,VALID
Trivandrum,GuestHouse,683 - 5689,683.0,5689.0,3186.0,VALID
Trivandrum,Homestay,623 - 4952,623.0,4952.0,2787.5,VALID
Trivandrum,Hotel,1640 - 10268,1640.0,10268.0,5954.0,VALID
Trivandrum,Boutique Hotel,3162 - 17747,3162.0,17747.0,10454.5,VALID
Trivandrum,Resort,4574 - 34107,4574.0,34107.0,19340.5,VALID
Trivandrum,Luxury Camps,3726 - 21308,3726.0,21308.0,12517.0,VALID
Madurai,Hostel,286 - 2105,286.0,2105.0,1195.5,VALID
Madurai,GuestHouse,815 - 4685,815.0,4685.0,2750.0,VALID
Madurai,Homestay,618 - 4325,618.0,4325.0,2471.5,VALID
Madurai,Hotel,1664 - 11288,1664.0,11288.0,6476.0,VALID
Madurai,Boutique Hotel,3486 - 21184,3486.0,21184.0,12335.0,VALID
Madurai,Resort,5491 - 29305,5491.0,29305.0,17398.0,VALID
Madurai,Luxury Camps,3912 - 24594,3912.0,24594.0,14253.0,VALID
Coimbatore,Hostel,219 - 1607,219.0,1607.0,913.0,VALID
Coimbatore,GuestHouse,705 - 3986,705.0,3986.0,2345.5,VALID
Coimbatore,Homestay,575 - 4179,575.0,4179.0,2377.0,VALID
Coimbatore,Hotel,1404 - 8053,1404.0,8053.0,4728.5,VALID
Coimbatore,Boutique Hotel,3083 - 17951,3083.0,17951.0,10517.0,VALID
Coimbatore,Resort,4623 - 30126,4623.0,30126.0,17374.5,VALID
Coimbatore,Luxury Camps,3019 - 17971,3019.0,17971.0,10495.0,VALID
Pondicherry,Hostel,228 - 1359,228.0,1359.0,793.5,VALID
Pondicherry,GuestHouse,517 - 3784,517.0,3784.0,2150.5,VALID
Pondicherry,Homestay,561 - 3393,561.0,3393.0,1977.0,VALID
Pondicherry,Hotel,1061 - 8628,1061.0,8628.0,4844.5,VALID
Pondicherry,Boutique Hotel,2683 - 13990,2683.0,13990.0,8336.5,VALID
Pondicherry,Resort,4227 - 23956,4227.0,23956.0,14091.5,VALID
Pondicherry,Luxury Camps,3009 - 15911,3009.0,15911.0,9460.0,VALID
Hampi,Hostel,286 - 1724,286.0,1724.0,1005.0,VALID
Hampi,GuestHouse,734 - 5527,734.0,5527.0,3130.5,VALID
Hampi,Homestay,634 - 5071,634.0,5071.0,2852.5,VALID
Hampi,Hotel,1307 - 8944,1307.0,8944.0,5125.5,VALID
Hampi,Boutique Hotel,3355 - 16455,3355.0,16455.0,9905.0,VALID
Hampi,Resort,4667 - 36779,4667.0,36779.0,20723.0,VALID
Hampi,Luxury Camps,3601 - 20140,3601.0,20140.0,11870.5,VALID
Aurangabad,Hostel,199 - 1687,199.0,1687.0,943.0,VALID
Aurangabad,GuestHouse,611 - 3859,611.0,3859.0,2235.0,VALID
Aurangabad,Homestay,520 - 3309,520.0,3309.0,1914.5,VALID
Aurangabad,Hotel,1290 - 8682,1290.0,8682.0,4986.0,VALID
Aurangabad,Boutique Hotel,2868 - 14388,2868.0,14388.0,8628.0,VALID
Aurangabad,Resort,3783 - 23626,3783.0,23626.0,13704.5,VALID
Aurangabad,Luxury Camps,2748 - 17673,2748.0,17673.0,10210.5,VALID
Khajuraho,Hostel,225 - 1431,225.0,1431.0,828.0,VALID
Khajuraho,GuestHouse,587 - 4557,587.0,4557.0,2572.0,VALID
Khajuraho,Homestay,614 - 4278,614.0,4278.0,2446.0,VALID
Khajuraho,Hotel,1228 - 7690,1228.0,7690.0,4459.0,VALID
Khajuraho,Boutique Hotel,2319 - 14641,2319.0,14641.0,8480.0,VALID
Khajuraho,Resort,4002 - 25717,4002.0,25717.0,14859.5,VALID
Khajuraho,Luxury Camps,3510 - 16841,3510.0,16841.0,10175.5,VALID
Kaziranga,Hostel,263 - 1523,263.0,1523.0,893.0,VALID
Kaziranga,GuestHouse,601 - 5188,601.0,5188.0,2894.5,VALID
Kaziranga,Homestay,637 - 3837,637.0,3837.0,2237.0,VALID
Kaziranga,Hotel,1450 - 7967,1450.0,7967.0,4708.5,VALID
Kaziranga,Boutique Hotel,2734 - 16370,2734.0,16370.0,9552.0,VALID
Kaziranga,Resort,4972 - 28869,4972.0,28869.0,16920.5,VALID
Kaziranga,Luxury Camps,3866 - 20055,3866.0,20055.0,11960.5,VALID
Port Blair,Hostel,317 - 2166,317.0,2166.0,1241.5,VALID
Port Blair,GuestHouse,983 - 6867,983.0,6867.0,3925.0,VALID
Port Blair,Homestay,868 - 6423,868.0,6423.0,3645.5,VALID
Port Blair,Hotel,1688 - 14239,1688.0,14239.0,7963.5,VALID
Port Blair,Boutique Hotel,4235 - 24288,4235.0,24288.0,14261.5,VALID
Port Blair,Resort,6919 - 38131,6919.0,38131.0,22525.0,VALID
Port Blair,Luxury Camps,4788 - 31606,4788.0,31606.0,18197.0,VALID
Darjeeling,Hostel,235 - 1509,235.0,1509.0,872.0,VALID
Darjeeling,GuestHouse,718 - 4774,718.0,4774.0,2746.0,VALID
Darjeeling,Homestay,508 - 3612,508.0,3612.0,2060.0,VALID
Darjeeling,Hotel,1178 - 9020,1178.0,9020.0,5099.0,VALID
Darjeeling,Boutique Hotel,2684 - 18440,2684.0,18440.0,10562.0,VALID
Darjeeling,Resort,5035 - 25832,5035.0,25832.0,15433.5,VALID
Darjeeling,Luxury Camps,3498 - 22343,3498.0,22343.0,12920.5,VALID
Gangtok,Hostel,206 - 1658,206.0,1658.0,932.0,VALID
Gangtok,GuestHouse,629 - 4608,629.0,4608.0,2618.5,VALID
Gangtok,Homestay,524 - 3816,524.0,3816.0,2170.0,VALID
Gangtok,Hotel,1399 - 8816,1399.0,8816.0,5107.5,VALID
Gangtok,Boutique Hotel,2810 - 15608,2810.0,15608.0,9209.0,VALID
Gangtok,Resort,4354 - 23778,4354.0,23778.0,14066.0,VALID
Gangtok,Luxury Camps,3436 - 16063,3436.0,16063.0,9749.5,VALID
Shimla,Hostel,266 - 1993,266.0,1993.0,1129.5,VALID
Shimla,GuestHouse,845 - 4615,845.0,4615.0,2730.0,VALID
Shimla,Homestay,533 - 4784,533.0,4784.0,2658.5,VALID
Shimla,Hotel,1358 - 8917,1358.0,8917.0,5137.5,VALID
Shimla,Boutique Hotel,2894 - 17502,2894.0,17502.0,10198.0,VALID
Shimla,Resort,4277 - 29342,4277.0,29342.0,16809.5,VALID
Shimla,Luxury Camps,4227 - 24795,4227.0,24795.0,14511.0,VALID
Dehradun,Hostel,252 - 1760,252.0,1760.0,1006.0,VALID
Dehradun,GuestHouse,771 - 5286,771.0,5286.0,3028.5,VALID
Dehradun,Homestay,584 - 4355,584.0,4355.0,2469.5,VALID
Dehradun,Hotel,1524 - 10658,1524.0,10658.0,6091.0,VALID
Dehradun,Boutique Hotel,3303 - 18007,3303.0,18007.0,10655.0,VALID
Dehradun,Resort,4255 - 31438,4255.0,31438.0,17846.5,VALID
Dehradun,Luxury Camps,3774 - 20297,3774.0,20297.0,12035.5,VALID
Haridwar,Hostel,243 - 1579,243.0,1579.0,911.0,VALID
Haridwar,GuestHouse,599 - 4468,599.0,4468.0,2533.5,VALID
Haridwar,Homestay,508 - 4396,508.0,4396.0,2452.0,VALID
Haridwar,Hotel,1454 - 9748,1454.0,9748.0,5601.0,VALID
Haridwar,Boutique Hotel,2810 - 19004,2810.0,19004.0,10907.0,VALID
Haridwar,Resort,4833 - 25000,4833.0,25000.0,14916.5,VALID
Haridwar,Luxury Camps,3825 - 20501,3825.0,20501.0,12163.0,VALID
Amritsar,Hostel,245 - 1666,245.0,1666.0,955.5,VALID
Amritsar,GuestHouse,665 - 4385,665.0,4385.0,2525.0,VALID
Amritsar,Homestay,713 - 4029,713.0,4029.0,2371.0,VALID
Amritsar,Hotel,1598 - 9518,1598.0,9518.0,5558.0,VALID
Amritsar,Boutique Hotel,3285 - 19619,3285.0,19619.0,11452.0,VALID
Amritsar,Resort,5249 - 32397,5249.0,32397.0,18823.0,VALID
Amritsar,Luxury Camps,4353 - 21913,4353.0,21913.0,13133.0,VALID
Chandigarh,Hostel,215 - 1580,215.0,1580.0,897.5,VALID
Chandigarh,GuestHouse,616 - 4563,616.0,4563.0,2589.5,VALID
Chandigarh,Homestay,659 - 4352,659.0,4352.0,2505.5,VALID
Chandigarh,Hotel,1306 - 10719,1306.0,10719.0,6012.5,VALID
Chandigarh,Boutique Hotel,2732 - 18476,2732.0,18476.0,10604.0,VALID
Chandigarh,Resort,5186 - 33079,5186.0,33079.0,19132.5,VALID
Chandigarh,Luxury Camps,3384 - 20701,3384.0,20701.0,12042.5,VALID
Agra,Hostel,236 - 2041,236.0,2041.0,1138.5,VALID
Agra,GuestHouse,858 - 5166,858.0,5166.0,3012.0,VALID
Agra,Homestay,683 - 4703,683.0,4703.0,2693.0,VALID
Agra,Hotel,1730 - 10659,1730.0,10659.0,6194.5,VALID
Agra,Boutique Hotel,2857 - 19946,2857.0,19946.0,11401.5,VALID
Agra,Resort,5332 - 33446,5332.0,33446.0,19389.0,VALID
Agra,Luxury Camps,4061 - 23261,4061.0,23261.0,13661.0,VALID
Jodhpur,Hostel,271 - 2067,271.0,2067.0,1169.0,VALID
Jodhpur,GuestHouse,772 - 4512,772.0,4512.0,2642.0,VALID
Jodhpur,Homestay,576 - 3759,576.0,3759.0,2167.5,VALID
Jodhpur,Hotel,1556 - 8504,1556.0,8504.0,5030.0,VALID
Jodhpur,Boutique Hotel,3252 - 15722,3252.0,15722.0,9487.0,VALID
Jodhpur,Resort,4151 - 31780,4151.0,31780.0,17965.5,VALID
Jodhpur,Luxury Camps,3428 - 21207,3428.0,21207.0,12317.5,VALID
Udaipur,Hostel,199 - 1492,199.0,1492.0,845.5,VALID
Udaipur,GuestHouse,653 - 3805,653.0,3805.0,2229.0,VALID
Udaipur,Homestay,565 - 3616,565.0,3616.0,2090.5,VALID
Udaipur,Hotel,1058 - 8396,1058.0,8396.0,4727.0,VALID
Udaipur,Boutique Hotel,2166 - 14761,2166.0,14761.0,8463.5,VALID
Udaipur,Resort,3661 - 28461,3661.0,28461.0,16061.0,VALID
Udaipur,Luxury Camps,2606 - 18257,2606.0,18257.0,10431.5,VALID
Bikaner,Hostel,289 - 2083,289.0,2083.0,1186.0,VALID
Bikaner,GuestHouse,657 - 4717,657.0,4717.0,2687.0,VALID
Bikaner,Homestay,640 - 4126,640.0,4126.0,2383.0,VALID
Bikaner,Hotel,1346 - 9648,1346.0,9648.0,5497.0,VALID
Bikaner,Boutique Hotel,3551 - 19501,3551.0,19501.0,11526.0,VALID
Bikaner,Resort,5204 - 30577,5204.0,30577.0,17890.5,VALID
Bikaner,Luxury Camps,3934 - 21552,3934.0,21552.0,12743.0,VALID
Pushkar,Hostel,227 - 1786,227.0,1786.0,1006.5,VALID
Pushkar,GuestHouse,750 - 4579,750.0,4579.0,2664.5,VALID
Pushkar,Homestay,585 - 4221,585.0,4221.0,2403.0,VALID
Pushkar,Hotel,1487 - 7682,1487.0,7682.0,4584.5,VALID
Pushkar,Boutique Hotel,2391 - 15322,2391.0,15322.0,8856.5,VALID
Pushkar,Resort,3845 - 24149,3845.0,24149.0,13997.0,VALID
Pushkar,Luxury Camps,3502 - 19408,3502.0,19408.0,11455.0,VALID
Ajmer,Hostel,229 - 1500,229.0,1500.0,864.5,VALID
Ajmer,GuestHouse,539 - 3881,539.0,3881.0,2210.0,VALID
Ajmer,Homestay,438 - 3454,438.0,3454.0,1946.0,VALID
Ajmer,Hotel,1186 - 8475,1186.0,8475.0,4830.5,VALID
Ajmer,Boutique Hotel,2248 - 13807,2248.0,13807.0,8027.5,VALID
Ajmer,Resort,4241 - 26396,4241.0,26396.0,15318.5,VALID
Ajmer,Luxury Camps,3094 - 18721,3094.0,18721.0,10907.5,VALID
Ranthambore,Hostel,192 - 1426,192.0,1426.0,809.0,VALID
Ranthambore,GuestHouse,707 - 4018,707.0,4018.0,2362.5,VALID
Ranthambore,Homestay,580 - 3791,580.0,3791.0,2185.5,VALID
Ranthambore,Hotel,1411 - 9495,1411.0,9495.0,5453.0,VALID
Ranthambore,Boutique Hotel,2726 - 15523,2726.0,15523.0,9124.5,VALID
Ranthambore,Resort,4317 - 24668,4317.0,24668.0,14492.5,VALID
Ranthambore,Luxury Camps,3446 - 20943,3446.0,20943.0,12194.5,VALID
Mount Abu,Hostel,195 - 1411,195.0,1411.0,803.0,VALID
Mount Abu,GuestHouse,645 - 3804,645.0,3804.0,2224.5,VALID
Mount Abu,Homestay,580 - 3179,580.0,3179.0,1879.5,VALID
Mount Abu,Hotel,1290 - 8161,1290.0,8161.0,4725.5,VALID
Mount Abu,Boutique Hotel,2749 - 14646,2749.0,14646.0,8697.5,VALID
Mount Abu,Resort,4078 - 22654,4078.0,22654.0,13366.0,VALID
Mount Abu,Luxury Camps,3141 - 16973,3141.0,16973.0,10057.0,VALID
Ooty,Hostel,229 - 1828,229.0,1828.0,1028.5,VALID
Ooty,GuestHouse,742 - 5335,742.0,5335.0,3038.5,VALID
Ooty,Homestay,678 - 4606,678.0,4606.0,2642.0,VALID
Ooty,Hotel,1633 - 9892,1633.0,9892.0,5762.5,VALID
Ooty,Boutique Hotel,2879 - 16964,2879.0,16964.0,9921.5,VALID
Ooty,Resort,4338 - 30322,4338.0,30322.0,17330.0,VALID
Ooty,Luxury Camps,3680 - 20067,3680.0,20067.0,11873.5,VALID
Kodaikanal,Hostel,228 - 1723,228.0,1723.0,975.5,VALID
Kodaikanal,GuestHouse,649 - 4777,649.0,4777.0,2713.0,VALID
Kodaikanal,Homestay,550 - 3598,550.0,3598.0,2074.0,VALID
Kodaikanal,Hotel,1332 - 7384,1332.0,7384.0,4358.0,VALID
Kodaikanal,Boutique Hotel,2999 - 16205,2999.0,16205.0,9602.0,VALID
Kodaikanal,Resort,4436 - 30366,4436.0,30366.0,17401.0,VALID
Kodaikanal,Luxury Camps,2848 - 18377,2848.0,18377.0,10612.5,VALID
Yercaud,Hostel,206 - 1452,206.0,1452.0,829.0,VALID
Yercaud,GuestHouse,648 - 4791,648.0,4791.0,2719.5,VALID
Yercaud,Homestay,631 - 4364,631.0,4364.0,2497.5,VALID
Yercaud,Hotel,1556 - 9487,1556.0,9487.0,5521.5,VALID
Yercaud,Boutique Hotel,3221 - 15941,3221.0,15941.0,9581.0,VALID
Yercaud,Resort,4754 - 31990,4754.0,31990.0,18372.0,VALID
Yercaud,Luxury Camps,3066 - 22333,3066.0,22333.0,12699.5,VALID
Mahabaleshwar,Hostel,218 - 1426,218.0,1426.0,822.0,VALID
Mahabaleshwar,GuestHouse,714 - 4836,714.0,4836.0,2775.0,VALID
Mahabaleshwar,Homestay,500 - 3865,500.0,3865.0,2182.5,VALID
Mahabaleshwar,Hotel,1274 - 9715,1274.0,9715.0,5494.5,VALID
Mahabaleshwar,Boutique Hotel,2938 - 16262,2938.0,16262.0,9600.0,VALID
Mahabaleshwar,Resort,4275 - 25763,4275.0,25763.0,15019.0,VALID
Mahabaleshwar,Luxury Camps,3298 - 21905,3298.0,21905.0,12601.5,VALID
Lonavala,Hostel,261 - 1595,261.0,1595.0,928.0,VALID
Lonavala,GuestHouse,721 - 5274,721.0,5274.0,2997.5,VALID
Lonavala,Homestay,522 - 4407,522.0,4407.0,2464.5,VALID
Lonavala,Hotel,1349 - 10324,1349.0,10324.0,5836.5,VALID
Lonavala,Boutique Hotel,3257 - 16697,3257.0,16697.0,9977.0,VALID
Lonavala,Resort,4446 - 25924,4446.0,25924.0,15185.0,VALID
Lonavala,Luxury Camps,3880 - 22785,3880.0,22785.0,13332.5,VALID
Munnar,Luxury Camps,2965 - 24720,2965.0,24720.0,13842.5,VALID
Kerala,Homestay,654 - 4492,654.0,4492.0,2573.0,VALID
Delhi,Hotel,2533 - 15137,2533.0,15137.0,8835.0,VALID
Kodaikanal,GuestHouse,552 - 3362,552.0,3362.0,1957.0,VALID
Ajmer,Hostel,150 - 1355,150.0,1355.0,752.5,VALID
Mahabaleshwar,Homestay,598 - 4183,598.0,4183.0,2390.5,VALID
Chandigarh,Hotel,1543 - 8636,1543.0,8636.0,5089.5,VALID
Port Blair,Hostel,271 - 2487,271.0,2487.0,1379.0,VALID
Kodaikanal,Boutique Hotel,3177 - 17094,3177.0,17094.0,10135.5,VALID
Rishikesh,Luxury Camps,2661 - 22877,2661.0,22877.0,12769.0,VALID
Madurai,Hostel,199 - 1684,199.0,1684.0,941.5,VALID
Surat,Luxury Camps,4152 - 18936,4152.0,18936.0,11544.0,VALID
Coimbatore,Hostel,273 - 1270,273.0,1270.0,771.5,VALID
Pushkar,GuestHouse,812 - 4560,812.0,4560.0,2686.0,VALID
Kaziranga,Luxury Camps,3271 - 23085,3271.0,23085.0,13178.0,VALID
Yercaud,Luxury Camps,2767 - 23762,2767.0,23762.0,13264.5,VALID
Goa,Resort,5376 - 45362,5376.0,45362.0,25369.0,VALID
Darjeeling,Homestay,466 - 4473,466.0,4473.0,2469.5,VALID
Pondicherry,Resort,3372 - 29914,3372.0,29914.0,16643.0,VALID
Trivandrum,GuestHouse,899 - 3746,899.0,3746.0,2322.5,VALID
Jaipur,Boutique Hotel,2667 - 22986,2667.0,22986.0,12826.5,VALID
Mahabaleshwar,Resort,3625 - 23287,3625.0,23287.0,13456.0,VALID
Agra,Boutique Hotel,3148 - 17226,3148.0,17226.0,10187.0,VALID
Yercaud,Hotel,1154 - 9897,1154.0,9897.0,5525.5,VALID
Surat,Luxury Camps,3267 - 16346,3267.0,16346.0,9806.5,VALID
Shimla,Hotel,1570 - 11176,1570.0,11176.0,6373.0,VALID
Rishikesh,GuestHouse,753 - 4485,753.0,4485.0,2619.0,VALID
Ajmer,Resort,4615 - 24971,4615.0,24971.0,14793.0,VALID
Hyderabad,GuestHouse,700 - 4974,700.0,4974.0,2837.0,VALID
Kerala,Boutique Hotel,2284 - 12301,2284.0,12301.0,7292.5,VALID
Kolkata,GuestHouse,727 - 6676,727.0,6676.0,3701.5,VALID
Jaipur,Boutique Hotel,2104 - 15955,2104.0,15955.0,9029.5,VALID
Trivandrum,Hostel,189 - 2080,189.0,2080.0,1134.5,VALID
Rishikesh,Hotel,1067 - 10012,1067.0,10012.0,5539.5,VALID
Haridwar,GuestHouse,731 - 4242,731.0,4242.0,2486.5,VALID
Udaipur,Homestay,641 - 2863,641.0,2863.0,1752.0,VALID
Chennai,GuestHouse,1103 - 5976,1103.0,5976.0,3539.5,VALID
Coimbatore,Hotel,1046 - 10250,1046.0,10250.0,5648.0,VALID
Madurai,Homestay,653 - 3465,653.0,3465.0,2059.0,VALID
Mumbai,Hotel,2137 - 12867,2137.0,12867.0,7502.0,VALID
Yercaud,Luxury Camps,2716 - 18094,2716.0,18094.0,10405.0,VALID
Surat,Homestay,647 - 4696,647.0,4696.0,2671.5,VALID
Khajuraho,Hostel,204 - 1422,204.0,1422.0,813.0,VALID
Manali,Boutique Hotel,2617 - 18884,2617.0,18884.0,10750.5,VALID
Ahmedabad,GuestHouse,618 - 3414,618.0,3414.0,2016.0,VALID
Bikaner,Homestay,442 - 3913,442.0,3913.0,2177.5,VALID
Coimbatore,GuestHouse,592 - 4153,592.0,4153.0,2372.5,VALID
Udaipur,Homestay,466 - 3437,466.0,3437.0,1951.5,VALID
Delhi,Homestay,645 - 5259,645.0,5259.0,2952.0,VALID
Ooty,Boutique Hotel,2830 - 15532,2830.0,15532.0,9181.0,VALID
Mount Abu,GuestHouse,786 - 4071,786.0,4071.0,2428.5,VALID
Aurangabad,Resort,3542 - 22132,3542.0,22132.0,12837.0,VALID
Darjeeling,GuestHouse,673 - 3953,673.0,3953.0,2313.0,VALID
Trivandrum,Homestay,608 - 4305,608.0,4305.0,2456.5,VALID
Jodhpur,Hostel,187 - 2323,187.0,2323.0,1255.0,VALID
Coimbatore,Luxury Camps,3202 - 14006,3202.0,14006.0,8604.0,VALID
Kochi,Hostel,294 - 2437,294.0,2437.0,1365.5,VALID
Dehradun,Luxury Camps,4349 - 22747,4349.0,22747.0,13548.0,VALID
Ajmer,Luxury Camps,2525 - 19501,2525.0,19501.0,11013.0,VALID
Kodaikanal,Homestay,663 - 3445,663.0,3445.0,2054.0,VALID
Ooty,Boutique Hotel,3454 - 17043,3454.0,17043.0,10248.5,VALID
Bikaner,GuestHouse,805 - 6232,805.0,6232.0,3518.5,VALID
Shimla,Boutique Hotel,3164 - 18463,3164.0,18463.0,10813.5,VALID
Dehradun,Homestay,473 - 3473,473.0,3473.0,1973.0,VALID
Mumbai,Resort,8351 - 56133,8351.0,56133.0,32242.0,VALID
Mysore,Homestay,650 - 4509,650.0,4509.0,2579.5,VALID
Ajmer,Boutique Hotel,2397 - 12094,2397.0,12094.0,7245.5,VALID
Mysore,Boutique Hotel,2330 - 13389,2330.0,13389.0,7859.5,VALID
Jaipur,Resort,3922 - 35386,3922.0,35386.0,19654.0,VALID
Surat,Luxury Camps,3873 - 21821,3873.0,21821.0,12847.0,VALID
Hyderabad,Hotel,1586 - 10318,1586.0,10318.0,5952.0,VALID
Coimbatore,Resort,4223 - 28582,4223.0,28582.0,16402.5,VALID
Ajmer,Resort,4726 - 18160,4726.0,18160.0,11443.0,VALID
Kodaikanal,Hostel,212 - 1594,212.0,1594.0,903.0,VALID
Kochi,Hostel,222 - 1663,222.0,1663.0,942.5,VALID
Kodaikanal,Resort,4785 - 33642,4785.0,33642.0,19213.5,VALID
Leh Ladakh,Resort,7013 - 28216,7013.0,28216.0,17614.5,VALID
Rishikesh,Luxury Camps,3651 - 24194,3651.0,24194.0,13922.5,VALID
Pushkar,Homestay,615 - 3920,615.0,3920.0,2267.5,VALID
Pushkar,Hotel,1040 - 7402,1040.0,7402.0,4221.0,VALID
Bikaner,GuestHouse,960 - 6310,960.0,6310.0,3635.0,VALID
Rishikesh,Homestay,610 - 4624,610.0,4624.0,2617.0,VALID
Dehradun,Hostel,224 - 2189,224.0,2189.0,1206.5,VALID
Munnar,Resort,4961 - 35406,4961.0,35406.0,20183.5,VALID
Kochi,Luxury Camps,4700 - 25949,4700.0,25949.0,15324.5,VALID
Mount Abu,Hostel,236 - 1720,236.0,1720.0,978.0,VALID
Jodhpur,Homestay,778 - 3608,778.0,3608.0,2193.0,VALID
Mount Abu,Hostel,222 - 1437,222.0,1437.0,829.5,VALID
Ooty,Hotel,1858 - 12438,1858.0,12438.0,7148.0,VALID
Rishikesh,Homestay,674 - 2844,674.0,2844.0,1759.0,VALID
Bangalore,Hotel,1975 - 15534,1975.0,15534.0,8754.5,VALID
Darjeeling,Hotel,1019 - 8012,1019.0,8012.0,4515.5,VALID
Chandigarh,Hostel,285 - 1884,285.0,1884.0,1084.5,VALID
Delhi,GuestHouse,1179 - 8729,1179.0,8729.0,4954.0,VALID
Bangalore,Luxury Camps,3964 - 21976,3964.0,21976.0,12970.0,VALID
Aurangabad,Luxury Camps,2461 - 14279,2461.0,14279.0,8370.0,VALID
Chandigarh,Resort,4109 - 35477,4109.0,35477.0,19793.0,VALID
Bangalore,Hotel,2217 - 10322,2217.0,10322.0,6269.5,VALID
Surat,Hotel,1560 - 6175,1560.0,6175.0,3867.5,VALID
Mahabaleshwar,Homestay,507 - 3097,507.0,3097.0,1802.0,VALID
