Name,Characteristics,Latitude,Longitude
Palakkad Fort,trekking,16.804523,71.873451
Silent Valley,"fort, scenic, waterfall",17.676156,75.209037
Malampuzha Gardens,amusement,24.361163,77.453503
Nelliyampathy Hills,"nature, wildlife",24.155311,75.824207
Palakkad Fort (View 2),"adventure, photography, beach",18.057821,86.876951
Silent Valley (View 2),beach,19.012071,81.280816
Malampuzha Gardens (View 2),"beach, lake",21.556802,87.333909
Nelliyampathy Hills (View 2),"fort, trekking",23.506186,70.845103
Palakkad Fort (View 3),"fort, historical",18.025627,75.34872
Silent Valley (View 3),family,22.234581,74.897814
Malampuzha Gardens (View 3),"lake, trekking, valley",24.771595,81.672162
Nelliyampathy Hills (View 3),"photography, heritage, scenic",24.981698,73.328405
Palakkad Fort (View 4),photography,18.149518,78.772322
Silent Valley (View 4),"wildlife, amusement",23.69702,70.807225
Malampuzha Gardens (View 4),"mountain, historical, temple",23.871192,78.198774
Nelliyampathy Hills (View 4),"scenic, temple, amusement",16.744471,85.213268
Palakkad Fort (View 5),"scenic, wildlife, cultural",21.125828,70.596296
Silent Valley (View 5),waterfall,20.101837,86.333068
Malampuzha Gardens (View 5),"fort, heritage",24.267415,70.246685
Nelliyampathy Hills (View 5),"photography, mountain, temple",23.833899,82.952495
