Name,Characteristics,Latitude,Longitude,Entry_Fee
Mysore Palace,"trekking, photography",12.29469,76.627647,0
Chamundeshwari Temple,"heritage, beach, trekking",12.241814,76.57974,100
Brindavan Gardens,"family, cultural, trekking",12.350176,76.606471,100
St Philomena's Cathedral,"trekking, photography, heritage",12.286178,76.686998,100
Mysore Zoo,"cultural, trekking",12.285015,76.674499,100
Karanji Lake,"adventure, beach",12.260279,76.701615,100
Jaganmohan Palace,"adventure, scenic, trekking",12.304881,76.638326,100
Lalitha Mahal Palace,"adventure, photography",12.289207,76.670002,100
Devaraja Market,"heritage, scenic, photography",12.305249,76.511506,50
Railway Museum,"beach, nature",12.277878,76.652279,200
Srirangapatna,"beach, adventure, heritage",12.257072,76.619246,100
Ranganathittu Bird Sanctuary,"adventure, cultural",12.28028,76.703199,50
Shivanasamudra Falls,"trekking, heritage, family",12.319712,76.652562,200
Nagarhole National Park,"photography, scenic, nature",12.249169,76.612012,200
Bylakuppe Tibetan Settlement,"nature, adventure",12.32981,76.665804,0
